真实值,预测值
29.243498,32.24135
27.297878,29.221481
29.801783,29.700092
18.91099,35.9308
13.215088,14.16238
10.822549,14.602184
20.177864,13.525643
18.234543,31.472626
11.661041,19.597416
13.884858,12.440899
12.235472,21.507387
15.671607,15.294006
16.837683,24.16957
13.98438,23.359064
16.996094,18.794197
16.812845,26.421183
14.17873,21.976007
9.844152,18.30926
14.685192,12.512891
35.08253,20.120726
44.54776,50.0043
38.193356,49.610443
20.804062,37.62744
18.778034,15.882953
13.532894,21.486315
2.93706,12.335746
2.227313,1.6036277
1.632679,7.1908503
1.242415,4.4572716
4.450633,4.82155
5.2587733,9.788403
2.310354,8.000666
1.292127,3.9542208
1.226599,5.1778646
0.86306703,6.1656437
0.79166204,6.1790094
2.32127,7.197122
3.145447,9.298496
1.141589,9.197461
0.743926,5.2992945
0.739347,5.158483
0.744827,4.694524
0.731041,5.1376143
0.74438006,5.664913
0.875527,6.476377
1.57164,6.4337277
1.15403,6.8728156
1.242276,6.3343663
0.929404,7.313735
0.88222194,6.307292
0.857481,6.2093973
0.84209204,5.9827476
0.79612905,5.70605
0.75749904,8.634546
0.883676,8.588641
0.779052,8.797598
0.77822,8.91006
0.778289,7.4179754
0.781606,8.387709
0.79143095,8.4492035
0.885483,8.358175
3.537929,10.150802
22.472456,14.30245
51.40153,48.829216
79.948555,73.623
102.07297,100.32728
129.01428,110.8143
145.87088,132.5531
151.32672,147.75467
103.89961,147.33328
82.16863,68.7286
66.77634,68.64968
63.63968,56.25447
61.081673,60.281708
61.494427,61.636684
74.32504,60.25113
90.018166,80.20087
114.00233,96.04614
109.75357,123.0352
104.6147,102.65336
77.028244,101.23256
83.887115,55.58404
91.2079,89.10773
80.1212,94.038864
75.28682,69.56119
69.334724,71.43465
65.330666,61.606808
59.967987,60.504982
52.818844,54.337288
46.996643,47.56484
40.306557,44.171555
36.597713,35.660694
31.537964,34.53628
23.544556,27.869852
17.213467,18.797325
17.207981,14.279963
17.198961,19.66282
16.282051,19.372028
16.64545,17.648418
14.677804,19.305248
10.94564,15.069063
10.100672,10.565548
9.395349,12.335561
8.352462,10.861881
8.798081,10.574042
13.748462,11.562104
19.796425,19.552685
24.085302,26.777618
31.657879,29.046417
40.442043,38.865757
52.65691,48.94845
61.881702,63.042168
57.69892,68.833626
66.88932,54.09108
80.09519,74.97915
105.73722,85.58682
119.46443,119.60915
119.24031,122.57352
118.82983,114.61533
128.89827,114.526215
111.258934,130.04723
88.527534,94.58167
85.56126,73.6024
78.637566,83.580666
58.85583,71.05265
57.488903,45.49482
50.361706,59.600616
53.213215,42.891342
53.122284,55.963757
56.775143,51.425854
56.58797,60.275856
56.697933,53.874653
65.126976,55.15633
69.26914,72.011345
62.69123,69.69115
67.61698,56.848576
73.78652,71.56586
74.96811,76.62442
86.04685,74.46506
87.68731,92.98061
88.74764,85.04562
98.727325,87.56348
116.26729,104.040085
123.85719,124.60635
118.6721,124.87037
125.10754,113.78424
130.59264,128.63628
109.331245,130.16733
86.095375,93.228905
69.84881,70.993454
64.02614,58.564888
70.91462,60.391327
68.581696,75.42459
71.57485,64.25573
87.82471,73.55194
79.047485,96.74792
83.54431,67.85478
92.09595,87.61285
101.86664,95.92407
87.15581,106.5812
78.432434,72.62395
64.617424,73.10124
74.06471,54.27352
89.50614,80.69426
99.04466,99.26626
95.965195,102.50092
67.78625,91.34653
45.237926,45.554043
62.01766,31.428274
66.479256,76.868324
51.89819,67.41901
45.867046,42.412163
57.501682,43.105568
62.504543,66.13333
47.353928,62.763443
36.102547,36.174957
40.756767,30.182178
50.550983,46.439186
49.534298,55.93983
49.768642,48.544415
37.457157,52.755264
28.55266,29.630718
24.05771,24.844778
20.857647,22.701391
13.632193,20.291039
14.876792,12.239075
16.33206,19.535435
22.42293,19.650612
21.558355,28.735867
19.489683,21.72332
21.776909,20.458422
18.532799,25.972946
15.07035,18.756481
15.86076,16.340395
21.124401,20.58239
26.66522,28.268145
25.15545,33.89002
21.50267,26.592447
24.627853,22.425095
34.30408,30.494835
47.560127,43.301384
61.463055,59.332462
61.856133,71.89123
53.408417,62.83548
47.611416,49.138184
37.206924,45.01356
29.393251,32.400585
27.398947,28.448757
23.846817,29.73547
28.121862,25.173925
32.2013,36.970196
38.582157,37.285034
34.100433,46.427254
33.430912,31.324846
27.724731,36.759594
20.624882,26.216412
25.82034,18.579578
26.425117,35.0052
25.332972,29.132263
14.853125,29.297478
10.217464,11.805738
4.4260798,11.279073
5.490882,4.299406
8.462036,11.170839
9.430883,14.372314
5.8669314,14.035414
4.541903,7.1641145
2.846254,8.375246
3.231408,5.457062
7.3146977,8.9470415
11.9560795,16.547913
15.313266,21.477282
26.808678,18.539444
27.943903,45.949123
29.16196,29.204397
21.259045,34.310394
22.898054,20.323292
23.669968,29.40697
19.256561,29.822598
12.285804,18.771975
9.549283,12.251372
17.992493,12.179255
20.991915,29.32109
40.839867,26.386112
50.400536,63.917
48.29716,57.33424
36.127506,47.889416
22.682415,30.113358
13.896748,17.65742
22.157969,13.416729
37.090065,33.109734
35.493168,50.769436
30.390535,37.28129
37.57821,30.037476
37.64982,44.370167
40.092472,37.733517
18.450981,42.665596
32.88422,4.5513754
64.60039,51.964184
61.382477,89.75096
41.69071,54.543407
49.353348,30.45279
66.73763,55.876877
59.276768,77.222015
74.30954,48.368504
71.17893,89.12099
81.31799,62.856064
95.29151,86.00683
88.63468,100.4946
88.697586,79.22796
93.75444,86.24545
80.036415,93.015755
82.79014,67.79884
106.943565,84.57706
124.293816,119.17363
121.98227,128.4772
110.680336,114.50005
103.39912,100.956604
111.269485,94.91623
102.88822,114.021164
85.937614,92.30531
73.45104,73.73645
58.415794,63.78145
48.864193,47.245823
47.813374,42.926376
38.55315,47.770912
31.498758,31.932297
32.24326,29.461458
40.103172,35.107132
34.217575,47.89869
29.344687,30.315964
25.850582,29.008472
18.173595,26.037514
20.551485,15.192776
20.725525,26.224085
16.333466,22.924612
11.685499,16.478266
17.12447,12.676733
15.398059,24.423828
20.684149,16.440107
25.314642,28.264961
37.9265,31.424349
37.369457,50.154224
39.52425,38.686707
37.775185,44.20351
30.078508,39.316536
37.41055,28.071064
28.43302,47.880543
29.020685,23.98993
24.125317,34.846188
15.617618,23.208889
14.488541,12.623415
14.425212,18.066845
12.15172,17.062218
13.058859,15.02564
12.600831,17.579786
13.162131,15.443623
12.9136305,16.889296
15.827719,16.487343
22.585659,22.653616
25.90967,30.389198
29.71808,31.008799
43.620552,35.02611
58.972034,55.138695
72.56323,71.36666
85.92949,81.38131
100.653336,93.81012
100.80249,108.37756
91.11799,95.936195
81.93291,81.952065
68.266464,74.49189
57.07403,57.03942
54.91773,50.444275
46.68475,54.62108
38.284184,42.067207
32.138073,35.43341
31.02866,30.950788
38.545006,32.172726
46.5623,47.10341
47.666546,54.461536
43.138165,48.595512
35.014282,40.82081
39.02642,29.007568
34.123688,44.869366
28.730015,29.728539
25.320547,27.697832
19.058702,25.835577
12.53828,16.598557
6.8949733,10.870531
2.992722,6.9113297
1.3748729,4.0331955
1.128037,4.7574964
1.261681,7.1105194
1.200053,6.990465
0.865731,7.0425916
0.99904805,6.6605325
0.8656,5.215405
0.77183104,5.103845
0.654431,5.8315277
0.803658,5.2907214
1.329635,6.424487
0.662895,7.6913486
0.97142005,4.456004
2.242274,5.9484367
5.356366,7.9876223
7.8294883,12.946464
4.704616,14.719318
1.845876,8.184709
1.620547,6.397599
1.193039,8.037538
0.923033,6.67256
0.828521,7.114879
0.807854,6.6577816
0.816983,5.605417
0.79355,4.557789
0.80975497,5.6851516
0.804793,6.4415064
0.806405,6.798569
0.820035,7.1035223
0.806585,8.05978
0.809362,7.766679
0.823191,6.0628915
0.827788,6.887715
0.835057,7.3675222
0.773813,5.8064938
0.63417,5.600985
0.704491,5.413775
0.76946205,6.033473
0.77583003,7.2433376
0.77296704,6.023279
0.92719996,6.380163
0.91284496,7.772656
1.127493,6.486199
1.035321,7.1696897
0.985371,6.6531906
1.006688,6.4675407
0.86630195,6.261197
0.702836,6.3989086
0.75761,6.1912766
0.684812,5.8130937
0.76389503,5.6483607
0.752749,5.666984
0.607542,5.939966
0.76252705,6.390683
0.773239,6.7103925
0.779553,6.7544227
0.78565705,6.858171
0.78721905,6.896617
0.80476403,6.9431787
0.78013,6.3139596
0.769752,6.260386
0.796913,6.4341884
0.832585,5.6960583
0.82242197,6.39076
0.846965,6.249542
0.80509,6.715689
0.818393,9.543844
0.79355603,10.393931
0.780043,8.895972
0.78272504,7.6071973
0.603635,4.916555
0.529406,5.7649612
0.80757105,6.8060026
0.807617,5.613109
0.841637,7.507399
0.83681697,5.9729514
0.828162,5.345078
0.835724,6.6122465
0.83828694,6.7897615
0.84042394,6.535595
0.84865695,7.1399655
0.84302497,6.5985017
0.85348594,7.676656
0.83488697,6.2947974
0.84220105,6.8516026
0.848472,6.8549495
0.86246896,6.0133944
0.87065,6.42296
0.87859297,6.772679
0.880115,6.5683637
0.87613,6.6808577
0.878151,6.7689996
0.885413,6.862043
0.89128697,7.0017304
0.886415,6.5751023
0.87703097,6.3643494
0.883133,6.5672154
0.880701,6.7070622
0.878343,6.018962
0.909818,5.949952
0.87659705,6.820483
0.89431995,6.354511
0.901959,5.853982
0.901358,5.9583955
0.89123505,6.414844
0.882563,6.235752
0.83615804,6.42204
1.03213,6.327945
1.913857,5.9955115
1.89278,8.350128
2.916842,7.2473464
3.092448,9.467725
4.2297683,8.3037815
4.0726514,11.260972
2.446512,9.490822
1.153684,6.5064864
1.236166,5.7533054
1.506877,6.0019174
1.2519889,5.9654274
2.09398,6.155905
3.6834211,7.3082724
4.833351,9.849004
5.632339,11.881878
6.74018,12.215691
10.18992,13.566431
12.87509,18.5377
13.308902,19.666912
19.393415,18.580772
24.782637,28.72548
25.700115,32.729385
23.261065,30.286348
29.34031,26.296448
31.206718,38.112347
33.01289,34.9101
33.672398,37.922684
33.488598,37.446907
32.659756,36.54346
34.731293,35.17562
38.559704,38.813034
39.207035,43.021297
44.628613,41.95682
45.90198,50.289543
29.396015,47.96007
19.455076,21.974758
15.856211,17.816595
12.772292,16.747679
10.711247,13.576443
7.147167,13.412098
5.949603,8.35739
4.2379894,9.655065
1.98027,6.573489
1.753687,3.866768
1.16227,5.2061095
0.810147,5.2680516
0.770305,5.0601354
0.783665,6.123779
0.7943329,6.8939505
0.799101,6.103998
0.790975,5.134138
0.80634093,5.0684314
0.81664497,5.338994
0.823316,6.6128
0.79733294,6.932431
0.81825197,7.3508177
0.786105,6.671909
0.87531203,6.437541
1.384607,7.319384
1.4022349,7.484126
1.620063,7.4275594
1.992942,7.236569
1.794304,7.3860917
0.93275005,7.189535
0.842486,5.2160487
0.81677294,6.7119513
0.82661396,5.869566
0.976131,6.067793
1.139694,7.6125574
4.263834,7.0378304
5.070794,12.43785
3.5785034,11.219528
3.902831,7.3234587
4.705305,10.03945
4.447801,10.329005
2.9817438,9.263606
1.618614,6.8131175
1.216097,6.6695957
1.519895,5.7001467
1.1105909,7.192719
1.0272,5.381578
0.898276,6.428461
0.82315093,6.7334895
0.760996,7.0918765
0.75500005,5.9441
0.76875603,7.0231376
1.062668,6.0469937
0.915214,7.135492
1.071458,6.543673
1.1350639,7.915723
0.97282493,7.4401426
0.94948995,5.882539
0.95892704,6.0226035
0.84663606,7.028612
0.922055,5.7097306
0.886264,6.0192633
0.88455,6.452178
0.874544,6.9073086
0.86646205,6.475217
0.87609303,7.02733
0.89578694,6.0937805
0.868008,7.608022
0.85402495,6.9734883
0.85898495,6.9210715
0.899907,6.9769464
0.90199995,7.094859
0.890766,6.791122
0.918274,6.2659864
0.874122,6.3274183
0.940037,8.401312
1.902043,8.831614
3.9173663,9.444451
4.019792,8.615006
4.242669,6.125547
5.315753,8.3922205
6.808604,11.254517
10.702585,12.873347
12.00112,19.534267
10.238425,17.778452
12.323318,15.258496
12.499731,19.433397
11.595744,17.561401
10.541671,15.595252
12.34632,14.714166
12.636228,18.469189
12.234605,17.806812
11.521967,16.093056
11.447554,15.537633
11.005917,16.202587
10.360649,15.410055
10.297711,14.276252
6.4084215,14.514499
4.2969832,8.081882
2.6104548,7.4307027
2.249867,5.762921
1.67402,5.8897905
1.5239589,5.498149
1.310588,5.694603
0.972488,6.155583
0.775048,5.6217017
0.778298,5.589472
0.83158195,5.8377333
0.804581,6.2206383
0.81131995,6.451361
0.788774,6.0132422
0.8087,5.6671557
0.81304395,6.64221
0.815293,6.2842712
0.841814,6.8415775
0.798587,5.902792
0.701608,5.377527
1.517729,6.6570807
1.316206,7.2857337
1.137471,6.298042
1.0519019,6.748259
1.402051,5.7484508
1.944067,7.205159
3.970594,7.058515
5.620482,9.987173
5.651289,11.999604
4.9283133,10.5413475
5.741092,9.844584
5.199281,12.096613
6.133529,9.850218
7.1544266,12.760189
8.545078,13.258229
10.564226,14.046843
12.308617,16.528852
11.695852,17.80489
10.838503,15.2008295
9.199672,13.494888
10.359772,12.344727
11.006929,15.023328
14.186586,15.125118
19.008501,21.637785
22.832726,26.561527
25.187054,29.526993
27.335102,29.931019
29.975328,32.13131
29.603598,34.987514
29.728746,32.79049
33.74623,33.5133
34.520367,39.600487
35.006817,36.076706
29.610409,38.075603
27.266233,28.000896
23.757936,36.085453
20.585752,20.307745
19.118383,21.049847
17.748207,19.931177
13.875426,19.190754
12.832044,14.505552
13.45587,15.674392
16.088696,16.130774
17.915413,20.401556
21.246918,21.1596
24.190708,26.083437
27.799463,28.557713
30.759632,33.75132
33.526993,36.36009
30.035294,38.369396
26.45287,30.2803
23.198341,28.266422
23.335613,24.011864
25.062206,26.98676
23.89183,28.481224
26.280163,25.60774
29.752178,31.070276
31.361614,33.792564
31.924276,34.046036
39.10531,34.5893
42.11971,45.664032
44.313442,45.12737
42.354156,47.33498
45.42098,41.986465
56.931763,49.086166
61.283234,63.758873
64.970085,62.51137
69.570404,67.981926
72.8022,70.431816
67.283585,72.9061
64.523384,62.976673
65.82901,62.13669
71.01133,65.7379
71.428734,72.70427
69.75514,69.83293
67.17351,67.54462
59.716915,63.78303
49.42013,53.31465
46.849792,42.975784
44.909386,45.425888
40.907112,43.348495
38.543354,38.442577
35.67588,37.449852
31.231096,33.302895
29.636457,28.76403
29.843346,29.115782
26.70082,30.753326
19.745066,25.136452
19.42196,16.702677
21.445694,21.346529
25.184282,24.46431
28.435545,29.010027
31.434582,31.703142
30.195642,34.96276
30.457357,30.35644
32.1419,32.232807
32.935886,35.751495
29.186707,35.012997
25.311052,27.9319
22.279713,24.412605
17.238594,23.144405
14.033069,16.105137
15.221359,14.443329
17.153309,19.085972
22.2519,20.572401
30.411804,28.279184
34.736435,37.454823
39.907436,39.846542
41.48614,45.462605
40.59233,43.068604
38.543148,41.507618
36.47447,39.167366
36.637814,37.974483
38.020638,48.128113
39.77592,33.501926
40.34177,42.208523
38.59882,41.53359
42.80642,36.91388
43.694054,47.36219
42.156437,44.397717
39.29592,38.69373
37.386673,39.618763
36.759693,36.22268
41.20134,36.5789
42.864967,45.405262
43.686462,44.958675
49.656,46.36284
54.74847,53.062458
56.446846,56.498524
61.53037,57.44106
64.442566,63.593044
62.45692,66.53556
62.705605,59.285385
58.05312,61.94647
48.7934,54.26385
47.559322,43.057518
49.617855,48.258396
48.55198,50.54358
43.559868,47.968307
44.333862,40.966034
41.8024,46.83877
40.626186,38.796604
37.91792,36.93355
37.87044,35.84531
31.905775,38.71874
25.369219,28.110262
24.105412,31.85708
27.971437,20.082027
33.681915,30.917984
41.663403,37.273087
44.937397,46.331203
50.201756,48.24401
69.941315,53.35669
75.838196,83.53216
73.83693,77.295815
83.271706,70.834274
80.9178,89.60368
71.13691,76.27078
66.21238,65.96341
55.15078,64.8699
50.68421,50.7076
44.099472,50.76937
38.785717,41.978546
36.74054,38.268345
30.294779,38.474693
33.781834,28.83579
36.490963,39.075863
31.250265,39.78103
25.433369,30.11588
21.844353,25.407417
19.218624,22.827175
17.235624,20.595888
13.924818,19.515232
9.115798,15.432207
5.6065173,10.151361
3.839393,7.987848
3.101498,6.798607
3.7591283,6.339564
5.685365,8.503646
7.765469,11.80153
6.8219633,13.421712
3.6846051,10.149887
2.805176,5.805416
4.8245234,7.2313366
7.1801434,11.042481
10.774351,13.224677
13.955083,17.543083
15.532086,20.965614
15.365766,20.914549
14.237652,19.328342
13.019797,17.24469
14.5286,17.10465
13.389085,20.218937
12.489309,17.259338
11.015129,16.41143
11.625751,15.104805
14.910612,16.777102
15.970067,21.513313
14.943564,20.034704
14.02541,18.661034
13.36365,18.08301
13.922993,16.907211
15.152697,18.079844
14.691962,20.161604
16.149078,18.000704
16.669334,21.32566
16.980997,21.219128
15.092697,21.633242
13.227527,16.30342
11.677642,13.065415
10.529839,14.024174
8.998489,15.143388
11.4257555,13.525668
13.8873415,18.073744
15.390607,19.847836
17.94457,20.075012
18.968597,23.241053
19.109674,23.295055
18.045685,22.841335
20.61039,21.684319
20.072096,27.727224
19.11024,21.39274
17.538336,22.922031
18.779394,20.481752
19.664888,24.683945
20.23817,21.153278
20.033926,23.065159
26.67429,22.968412
30.3597,34.31778
30.676254,35.239273
32.488388,33.37651
34.774944,37.75336
32.430454,38.68272
34.25012,33.82198
35.496353,39.362503
37.083977,38.874702
39.334763,40.47745
36.19753,43.401707
33.75128,36.44921
30.87805,35.94508
26.947893,32.345253
22.516241,27.886696
20.673634,22.43918
23.703548,23.039186
27.213234,29.207079
28.80481,31.56307
27.431574,31.760115
24.243673,28.779697
21.711748,24.643244
21.809053,22.775414
23.096514,24.385405
22.324717,26.3997
20.288109,25.12033
19.316805,22.1066
18.266611,22.350119
20.385805,21.517363
19.241112,25.625595
22.041416,22.069242
19.877487,28.245361
19.429926,22.57083
16.643442,23.701662
12.8021555,18.717676
10.468689,15.256001
8.1247225,13.883975
6.176658,11.994848
3.795337,9.287773
2.793963,7.2141232
3.644943,6.928823
4.585141,8.858755
2.567558,9.505012
1.187448,6.2956343
0.853066,5.7249656
1.044211,6.1939898
0.82864994,6.325983
1.822897,6.317216
1.265218,8.026461
0.83981496,5.679078
0.763237,5.7692785
0.75926805,6.8904715
0.781005,7.079513
0.78424007,7.056231
0.77808905,5.9845443
0.791531,6.368382
0.786857,7.4246535
0.79718095,6.25074
0.751656,6.4987907
0.68899006,6.965606
0.948543,6.630083
0.726682,7.4215746
0.770985,6.924868
0.796569,6.9418273
0.727454,6.438542
0.768793,6.918339
0.81551796,6.823743
0.765295,5.9099426
0.898296,5.896681
0.98023,6.987227
0.93112206,7.241104
0.821964,7.0738854
0.803023,5.8316374
0.81899697,6.1797543
0.81921,7.112829
0.813529,6.790526
0.812931,6.8160806
0.84008497,6.8077106
0.844977,7.0551624
0.86467797,6.598059
0.81446993,6.522675
0.837518,6.294948
0.871119,6.9899025
0.915403,6.940762
1.1072099,6.552443
0.90916693,7.321391
0.82177997,6.815412
0.905848,7.4477944
0.828864,7.0448184
0.795864,6.3026586
0.797102,6.1614275
0.844474,6.071263
0.84217995,5.949558
0.849248,6.809494
0.84734994,6.977121
0.787671,6.751678
0.859977,6.5087028
0.85801506,6.703267
0.843491,6.374949
0.85100293,6.5319567
0.80229,6.61578
0.81842506,6.634596
0.831302,6.509412
0.86176693,6.3070526
0.77939403,6.819066
0.68379,7.4436684
0.68254906,6.9695096
0.750113,7.0999484
0.843104,7.680183
0.85496396,7.4490824
0.733738,6.941144
0.71580803,6.8593736
0.82699203,6.9837117
0.83822405,6.322176
0.792241,6.595688
0.689327,6.911784
0.80829805,6.806113
0.83257204,7.714995
0.83014405,8.186868
0.808127,7.948386
0.85287595,8.175451
0.840422,8.737878
0.823349,7.829233
0.807559,6.1807942
0.804115,3.9655895
0.700779,3.9372165
0.662347,4.420383
3.9943612,5.465191
11.606919,10.646057
14.073106,20.681732
9.116522,19.743258
5.103786,12.332737
3.312744,8.936382
2.362944,7.5878234
2.266348,7.114507
1.381739,7.720382
1.870301,6.1313705
1.893829,7.57814
1.530085,7.039779
2.257043,6.1358066
2.800694,7.697997
3.2405732,8.092891
1.859277,8.36852
1.613893,6.2973585
1.4776449,7.3388877
1.040836,7.8042536
0.964773,5.7263303
0.767093,6.030808
0.75208706,6.28478
0.76154304,6.0940604
0.77218705,7.8513494
0.786701,7.312951
0.776599,6.736955
0.77385706,7.508624
0.740254,6.952144
0.792488,5.1290326
0.79859096,4.3673325
0.80197,5.6480174
0.81931806,6.0190854
0.806959,6.40373
0.80759597,5.756298
0.789935,5.958614
0.81054693,6.205945
0.803086,7.304857
0.81097406,7.3991575
0.81032,6.6405067
0.818069,7.427317
0.80062,7.461274
0.81847,5.7449293
0.81649506,5.8928494
0.81580895,6.8831387
0.81681997,7.495102
0.821571,6.62498
0.83359003,6.796709
0.868195,6.824009
0.87492394,7.2502146
0.891547,6.8910675
0.790978,7.0088224
0.84924495,6.48253
0.83643293,6.8393188
0.7905899,7.0753164
0.77801204,6.8743734
0.791864,6.5043917
0.81480104,6.749991
0.936359,7.7570634
0.949723,6.271744
0.91216195,6.451799
0.838836,6.0470266
0.68607706,5.734405
1.005636,4.8427825
0.85742795,6.3944254
1.1035659,5.390569
0.82442,6.965937
1.204228,5.3353114
2.569649,6.6889462
4.817388,9.2731905
4.928578,11.352095
3.7069352,10.051629
2.327739,8.386526
0.91738003,7.414063
0.693454,5.4769883
0.824911,5.493243
0.655222,5.980641
0.89286697,6.1919265
0.77638304,6.6220894
1.0484769,6.3647466
1.908434,7.2453146
2.028583,9.296137
3.834927,7.843604
7.0600123,8.271511
11.271947,11.273539
12.199108,17.13171
12.195971,17.788115
13.627246,18.246223
18.339174,19.221756
26.10681,27.11515
32.174667,36.172302
36.45582,38.94133
43.304592,44.494705
46.51111,50.559982
54.580788,51.02264
49.314438,61.390404
44.850807,47.68928
39.332905,45.662735
32.482567,38.67972
34.75387,30.983112
37.767387,39.134266
38.23224,41.25699
37.35753,40.125065
25.835938,37.99081
15.452503,21.626648
9.778918,13.281201
9.254184,10.354003
11.090903,12.523798
8.93547,15.613626
4.7148213,11.168119
1.521876,6.5875783
1.4185439,4.3147206
1.227322,5.623214
0.912903,5.1119604
0.723283,4.692405
0.81957996,5.513618
1.015492,6.3452473
0.81096095,6.0527883
0.708427,5.595747
0.8384,5.745393
1.255613,6.023194
1.160496,6.613285
0.83045495,5.810414
2.476049,6.1531086
4.133738,8.71303
4.7066474,9.786595
7.0006385,9.090488
9.871502,12.834671
13.98994,16.320387
17.161913,20.096718
17.74643,22.635212
19.32324,21.669632
20.084467,22.857723
22.614643,23.48266
26.781893,26.613262
37.846066,32.04152
42.12467,45.2472
56.0006,45.534943
65.69616,65.351395
75.112724,69.7565
64.304565,79.40998
55.122395,56.300568
60.650394,51.601547
68.35275,65.08085
65.76116,70.57955
64.12656,64.235756
53.34317,63.196617
47.87129,47.818764
44.507355,45.758373
47.33994,43.615574
46.948986,50.50819
40.29889,47.65565
33.68999,37.68114
24.235003,32.05519
24.361258,20.80096
20.148254,27.735714
16.374208,19.622421
14.998356,17.213264
17.490623,18.73907
17.067389,22.646528
16.59965,20.211832
16.686579,20.099115
15.005305,20.836317
11.816586,17.631311
4.3434134,13.692909
1.6392959,5.715631
1.322407,6.12214
1.0751339,6.4045606
0.880484,6.500293
0.828409,6.617068
0.84922,6.124915
0.818573,6.1646237
0.849904,5.9557514
0.842952,5.3461614
0.807885,6.6782994
0.915427,7.0852346
0.89119405,7.11264
0.882593,8.229822
0.88705903,4.6937065
0.76440203,1.5759214
1.300902,9.349445
5.437495,6.720285
12.744531,10.6507435
22.324959,21.470675
29.06619,36.08536
30.878357,33.623642
25.972456,34.27487
25.249287,28.071335
29.232136,28.714844
24.290564,35.552734
22.102177,25.597189
29.256424,25.916342
33.320145,36.874283
25.840385,37.878593
24.690481,25.06719
27.000498,28.393085
28.502005,30.801723
29.8571,31.979465
24.052805,34.08233
22.649368,23.626863
22.255121,25.280298
21.659527,25.191624
21.692314,24.070547
16.636013,24.82811
16.632921,16.70684
17.321964,20.69796
14.733312,20.94806
20.413488,16.236195
18.82752,28.188173
12.844201,20.436531
9.383486,13.066399
6.920146,11.523923
13.818088,9.271889
11.1665,23.948225
8.284459,12.079157
3.0741408,10.908036
3.673185,5.5692353
2.6301122,8.771271
1.200063,6.6731396
1.2406069,4.8417697
0.86973494,7.0586824
5.266179,5.599509
6.6779947,13.194215
3.04848,11.49455
2.5091069,5.7645884
2.7113311,8.106798
1.6388861,9.884239
2.6626408,6.1941657
3.405014,9.758772
18.811138,7.40631
31.118214,33.881172
29.063828,40.80499
15.543836,31.62358
11.267123,12.051743
10.074566,13.118834
16.820892,12.653863
20.544304,24.379356
16.1821,25.667963
15.309063,19.106363
26.124447,18.262976
32.969666,36.50326
27.915014,39.997322
18.574085,26.901976
18.453888,17.287174
18.870312,23.570942
26.245468,22.6928
34.905666,35.245804
22.580147,44.02459
15.663241,17.27397
14.1344,17.305637
7.037899,15.708524
4.256285,5.6077523
2.100873,8.385336
2.536752,5.4993796
6.50774,8.073978
4.413894,14.18839
2.5131319,7.2092586
1.2366079,6.3516335
1.720817,5.402573
2.229956,7.420353
3.1633842,8.4368105
3.6019733,8.838784
3.4540284,7.681715
3.5135913,7.902592
2.127211,9.317845
3.161641,6.5157666
3.5371993,9.148983
3.826168,8.756444
5.5004964,9.45913
4.7355113,11.877505
7.991744,9.568325
12.761152,16.705074
9.339415,22.9632
7.007851,11.926738
4.076819,11.572038
5.1475635,8.977134
8.590329,13.385518
14.513453,18.8039
16.009497,26.214376
14.587221,17.064154
12.1900015,14.474632
10.401207,13.802427
17.148212,11.735394
36.34098,24.801735
36.769753,50.885193
34.59909,37.76626
35.75723,35.98988
36.211155,37.36715
37.818478,38.093636
34.80653,41.82181
32.014065,35.595173
29.136024,33.000526
30.763836,30.353956
33.089607,33.923622
36.71668,36.614956
39.59285,40.479954
43.36553,42.956127
42.958305,46.856243
39.634052,44.18812
27.850119,39.03281
25.918827,22.995354
23.888702,27.9284
17.66488,24.112112
15.074966,15.844957
13.772587,16.439222
15.102169,15.976278
23.76837,18.29622
32.178825,31.973759
36.320786,39.38693
44.77147,40.110615
64.26688,51.833836
95.483025,78.44479
84.394684,111.85841
67.740456,73.37968
58.339867,59.187187
65.475784,60.012527
59.93519,55.822945
55.011665,50.137947
53.53378,47.331154
64.746216,69.46027
73.49261,75.621185
68.44658,66.981125
55.599022,61.707027
46.49843,45.688274
37.934868,41.836994
36.918407,34.551346
58.185764,38.02663
86.34296,73.95994
106.80865,97.418465
125.413216,110.87349
109.60929,131.32074
82.95409,93.87621
72.379425,65.58425
85.45506,65.342735
94.434296,90.608826
89.06244,91.156296
77.93315,79.196815
61.889652,61.04229
61.78819,47.930313
50.605366,63.508015
53.279167,43.081425
52.61478,57.245384
52.29661,51.123016
51.639576,49.722996
50.300564,50.17594
53.714054,47.69504
50.249493,55.72595
37.965706,45.83978
34.64294,31.323395
31.815615,34.17882
28.21255,30.832184
26.859777,27.980091
30.533087,28.276445
60.994373,33.74207
99.4315,81.744354
110.90096,116.79024
107.49496,108.05968
82.01606,100.177956
64.324196,76.96371
63.922882,48.514286
57.291367,66.85353
51.335094,49.5059
46.871483,48.582745
53.75602,43.95688
64.04896,57.174816
41.922268,67.46702
18.747387,25.145494
5.8968525,13.962902
8.404347,2.3074424
17.102211,15.911437
19.293823,28.70037
26.518152,26.472723
32.496353,38.60506
41.959454,39.05762
35.307465,41.076313
32.16028,27.270239
29.881453,36.544056
33.92197,25.230488
48.114384,35.752037
49.566708,74.814476
46.735207,37.85549
34.51661,46.12535
25.58054,28.520464
20.467201,21.760344
16.605429,20.830505
13.610268,18.859102
9.2084465,20.027552
3.204773,9.208022
1.481098,3.4520607
1.6144929,4.99824
1.088396,4.779605
0.773868,5.2699313
0.588957,5.5027294
0.608224,4.540932
0.586941,5.396942
0.665881,5.538807
0.69071704,4.8487535
0.738667,5.7407565
0.70095104,5.714671
0.791449,5.793604
0.79324996,6.0276613
0.722265,5.9300737
0.717688,10.530516
0.839493,9.158129
3.895242,6.3939304
4.214294,11.738815
4.707327,7.7990847
8.19443,9.472835
15.43251,15.8038645
17.558678,24.622076
12.141801,24.575754
6.121363,13.794993
3.8761473,8.149954
2.229466,8.544242
1.9291271,6.3530736
1.947331,7.5161376
0.902493,7.72127
0.783536,6.140655
0.816859,6.692916
0.814168,5.8096433
0.809872,5.9996376
0.796871,6.605129
0.960445,6.231039
1.207383,7.494154
1.633769,6.7595873
1.466479,7.4445786
0.91837305,8.464941
1.042982,5.960847
0.92495096,7.11174
0.759374,6.2112994
0.76605904,6.0711155
1.014927,6.5101957
0.86757594,6.879002
0.621917,6.4614134
0.89345104,6.074221
1.1212339,6.5234275
0.797011,6.8929543
1.317367,6.0726295
1.1192039,7.252568
1.2506659,6.617948
1.053594,6.880687
0.90000606,6.4311504
0.980997,6.4276185
0.945045,6.943702
1.365876,6.320373
1.188231,7.2361083
1.062331,6.6750145
0.89165497,6.3636527
0.822413,6.5676684
0.827728,6.421917
0.78934,6.2510834
0.73953205,6.0733924
0.688066,5.8133435
1.059406,5.6909375
0.99433804,5.8861275
0.866486,5.281097
1.293613,6.1266017
1.272514,7.197846
1.045288,6.3659863
1.033252,6.897571
0.92022496,6.832874
0.87935704,6.8433685
0.788203,6.741075
0.773934,6.7427187
0.541112,7.3985243
0.710634,6.5689535
0.78436506,6.411651
0.94152105,5.0238066
0.46600202,6.0102253
0.84,4.5539846
0.908939,5.7049623
0.64550203,6.2412086
1.299777,5.481966
1.771356,7.1077886
1.86707,7.8625164
3.5634704,7.466108
4.735531,10.537806
5.0737114,10.766129
7.1955743,10.50667
7.032404,13.856215
4.8607383,11.905487
6.2851253,8.516682
7.8956213,12.906407
6.717046,13.64702
4.1174083,10.566205
2.932016,7.455681
2.152163,7.110738
2.591299,6.7433567
2.077988,7.934635
1.9055799,6.691561
1.995351,6.9910445
1.39163,7.0956025
0.87330604,5.6166096
0.685865,5.203561
0.682652,5.1936216
0.68278503,5.7134852
0.683313,5.527044
0.72700804,6.327712
0.738098,7.1334887
0.741934,6.9375267
0.758552,5.9955926
0.760668,5.864155
0.76914304,5.659728
0.755847,5.854888
0.755557,6.71491
0.77699,6.1318717
0.79900795,6.5484343
0.81089294,6.5442476
0.787197,6.96354
0.795807,6.791975
0.80743796,6.539986
0.831358,7.0341253
0.833918,6.8139434
0.825907,7.1124187
0.824163,6.5916457
0.81817496,6.7893343
0.819126,7.1764946
0.78929394,6.391863
0.79455894,6.940244
0.804709,6.432143
0.853148,6.514361
0.86171705,6.5166106
0.861523,6.7966247
0.835002,6.6853766
0.82507503,7.351698
0.71378404,6.5866046
0.746809,5.848789
0.777865,6.469619
0.75882703,6.3506765
1.026749,6.2922153
0.885608,6.488096
0.974495,6.402979
0.95758,7.0465055
1.050601,6.3502507
0.85586405,6.555994
0.832191,5.9849267
0.819745,6.813817
0.81867296,6.797171
0.81026995,6.000116
0.81657195,6.796455
0.816802,6.922748
0.842247,6.6131387
0.85602295,6.734543
0.86285204,6.3950577
0.84694904,6.5684676
0.8293089,6.5963197
0.83848095,6.476393
0.819545,5.8235807
0.858254,6.005723
0.842148,5.9610124
0.857195,6.037805
0.858858,5.718585
0.864861,6.147183
0.852769,5.9227786
0.87579197,6.3189645
0.879485,6.4003725
0.88671094,6.2090554
0.82488203,6.259015
0.91061205,6.460539
0.90524995,6.556518
0.840608,5.734474
0.834132,6.1214447
0.833441,6.271699
0.821783,6.343711
0.81163305,4.837925
0.828813,4.8151546
0.8326709,5.1742067
0.818165,5.4625545
0.81773394,6.594186
0.83515096,6.7257714
0.80069,6.849479
0.786674,6.989645
0.80924004,6.254764
0.78805304,6.6811934
0.779781,6.40765
0.78330904,5.5665717
0.73639405,6.0272264
0.559595,6.434744
0.747218,5.7924933
0.693299,6.180821
0.654826,6.04848
1.2210649,5.9423738
1.379889,6.698917
1.0451779,6.020416
0.845138,5.62159
0.660284,5.9082255
0.74447805,4.914277
0.743532,5.1720276
0.77157605,5.954638
0.762175,5.98502
0.746424,5.946247
0.79120404,5.6211963
0.75061005,5.4965415
0.79297,5.1703725
0.79357696,4.6304193
0.801134,4.760536
0.756571,4.8383584
0.75115705,8.53393
0.77288103,8.197445
0.79434496,7.3913584
0.830397,7.064268
0.80533904,5.8617153
0.84657305,5.846571
0.80589706,5.783458
0.81517404,6.66104
0.839353,7.428921
0.82683194,6.249482
0.83246696,6.4958954
0.82853895,6.535774
0.826288,6.7444897
0.829498,6.5040503
0.826901,6.4306626
0.820835,5.723014
0.83184004,6.0920696
0.840746,6.165779
0.816375,6.581723
0.83123696,7.163246
0.818119,6.8370843
0.833415,6.960818
0.822869,7.167065
0.839375,6.745478
0.844296,6.0042014
0.850201,5.16015
0.83934003,5.7251506
0.835686,6.1766286
0.855606,6.6338463
0.866243,5.458494
0.85669297,6.0328274
0.856554,7.239392
0.85183805,5.8637047
0.86132294,6.7374997
0.860777,6.720905
0.848143,5.632711
0.882474,5.745032
0.872872,6.619647
0.87484497,6.002861
0.853773,6.150671
0.869745,5.887774
0.861812,5.8042154
0.84267795,6.420334
0.845049,7.099536
0.84483397,6.4589963
0.845823,6.0676107
0.871723,6.094604
0.855689,6.7464204
0.871318,6.235611
0.847604,6.525934
0.865117,6.0049496
0.87753105,6.5267982
0.871454,5.851978
0.857295,5.705105
0.86390096,5.9349194
0.87041897,6.253586
0.86048704,6.2859073
0.84225094,6.1440377
0.715183,6.1805263
0.667022,6.631529
0.84857196,7.1523304
0.879618,5.827496
0.867656,6.8474255
0.84101796,7.05305
0.688879,7.4818296
0.86381197,7.8423915
0.840773,8.215906
0.808793,7.753509
0.716159,4.6799874
0.8421,3.5407596
0.81801,5.702452
0.84334296,5.7608743
0.849077,6.6019387
0.834878,6.136189
0.82343996,5.4067717
0.855471,6.520004
0.79977703,6.3214593
0.78801805,5.657618
0.728038,5.850052
0.832044,5.638125
0.884233,6.078987
0.84655195,6.3472877
0.834381,5.8644543
0.796492,5.6864047
0.743031,4.857263
0.75538903,4.947727
0.770518,5.0681095
0.78165,4.899527
0.789981,5.4560866
0.79781705,5.839699
0.77032,5.3616033
0.77454,5.1696186
0.777346,4.9946375
0.777879,5.124205
0.749831,5.090722
0.76981,4.913746
0.76460505,5.8455706
0.787284,6.012905
0.806166,5.3926926
0.80485994,9.038624
0.7989119,8.030686
0.819224,6.2625284
0.820294,6.6173296
0.840439,5.453348
0.82392406,5.9490976
0.82816803,6.503534
0.816602,5.9049797
0.801266,6.4387193
0.82737094,6.1598487
0.837723,6.969365
0.82109004,6.669435
0.846446,6.3923955
0.82964903,6.7697086
0.854423,5.930444
0.84170896,6.35841
0.832743,6.5542426
0.83125097,6.663113
0.82409203,6.616833
0.83465505,6.5861955
0.83562404,6.9881043
0.844191,6.925839
0.825554,6.6721225
0.832514,6.3972816
0.8358939,6.6354747
0.850527,5.9400477
0.87349105,6.3173304
0.894386,6.7582135
0.89184,6.695489
0.8508,6.738445
0.85919,6.3967505
0.848157,6.440239
0.84805197,6.1323924
0.868666,6.375307
0.867661,6.5088415
0.878695,5.714265
0.85713595,6.2949557
0.848528,6.2809925
0.839826,5.8766685
0.85386,6.702525
0.843195,6.6567492
0.880494,6.2094393
0.895426,6.5692754
0.930936,6.4768195
0.924783,5.7464585
0.904026,6.132911
0.92828006,5.865551
0.94751894,5.7213206
0.937001,5.758891
0.876368,6.064699
0.889966,6.548949
0.84363896,6.555668
0.864031,6.7745886
0.851358,7.135346
0.855432,6.7938333
0.859644,6.7189455
0.86151606,6.278061
0.877298,6.207357
0.879087,6.728772
0.848044,6.388083
0.849235,6.1550713
0.82119197,6.1746063
0.852983,5.4778085
0.849628,6.0773153
0.87148297,5.4722886
0.88310903,4.866421
0.817027,5.027111
0.83101296,5.819068
0.80764204,6.2579827
0.850485,7.0192957
3.107958,7.035737
3.711349,10.156332
1.54662,9.234133
1.162776,5.210326
1.775466,5.716063
1.15777,8.206524
0.746835,4.7799287
0.700218,3.9394736
0.70820504,4.460582
0.75044006,3.9692054
0.74557006,5.95338
0.73336804,9.247693
0.708022,9.090414
0.727198,4.7634764
0.76925,3.2348251
0.751829,3.5014935
0.76162606,4.060834
0.77049303,5.2483797
0.739322,5.861145
1.189092,5.9125323
1.572976,7.0128536
2.8008568,7.9058514
3.250793,11.126912
2.2317119,10.018724
1.474997,7.1446753
0.91418695,7.0790334
1.1686339,5.423213
0.871157,5.249782
0.696699,4.534412
1.108063,5.3954344
1.191265,7.1763167
2.0173948,6.5341444
3.0462208,5.6581254
2.157656,6.760788
1.4234679,4.53604
1.445688,5.514253
3.898562,6.400073
10.552171,10.00474
21.915693,19.44589
29.098892,32.935486
29.762327,34.117653
29.623096,30.22453
23.03486,31.447561
26.236713,19.265873
28.171654,31.235786
27.536428,30.395206
40.816513,28.653053
66.718,51.728737
75.71768,81.33281
88.559235,73.37207
111.901886,91.85796
113.25377,117.30726
133.73453,104.22155
178.42528,137.85626
195.56853,182.35812
198.43108,187.08968
200.61261,189.30046
202.00868,191.15288
202.15038,192.15881
201.5201,192.91159
201.03023,192.15837
200.47546,189.05005
200.51126,188.86989
200.65694,187.45833
201.39839,185.68121
202.033,190.23042
200.52762,192.89404
201.46898,191.08267
201.01192,191.44455
200.38666,190.5921
200.47227,188.92311
201.52641,190.45767
198.67957,188.8542
198.72748,186.25577
183.80452,186.36285
190.80139,169.7584
198.65652,183.51329
183.37082,191.20921
166.52113,167.26738
140.56874,148.239
113.83864,116.91927
77.712555,95.31102
44.7076,57.567352
27.385988,33.53303
14.861744,26.69014
11.05095,17.15012
14.068054,15.943692
25.910679,22.389648
37.025394,37.72539
36.201122,46.384735
40.448307,36.091534
44.551865,47.647305
37.45099,46.83848
27.305134,33.502842
14.344478,23.550251
4.0594673,8.558958
2.234252,4.5749073
1.5853561,6.8110466
1.012342,5.5527306
0.828393,5.7512345
0.737631,5.811095
0.95020294,3.906308
3.037885,5.2872396
9.693175,8.645508
2.0512478,16.364832
2.1641269,1.498933
1.0791539,6.7364073
0.744842,3.3581028
0.721988,3.7358565
0.69358,4.05909
0.737347,3.4325435
0.72861904,4.7578063
0.74423206,5.337342
0.749661,4.970598
0.751783,6.1510186
0.76641005,9.128866
0.69616103,8.36622
0.787484,5.533009
0.932109,6.167421
0.705307,5.0938487
0.82372296,5.100515
1.0510811,6.719674
1.035561,6.6624618
0.887605,7.512702
0.89072895,6.583523
0.95382005,6.58913
0.895846,6.859461
0.80663794,7.1517377
0.994377,5.8876805
1.860175,5.866249
6.799289,6.942691
10.267494,14.05721
14.776355,16.205511
25.413628,20.283195
35.153687,34.908943
60.871525,40.124268
90.275826,75.317795
111.235435,96.6152
104.273766,110.93485
107.48063,92.12429
101.79818,101.95619
81.648445,90.08524
59.55383,65.5203
36.99965,45.884247
22.268166,27.184456
10.475992,19.509495
7.2825103,10.757484
4.182578,12.091126
2.2380428,8.5771265
1.645841,9.298969
0.99830204,6.8398156
0.78523505,4.802618
0.851557,5.1629853
0.931364,4.0884366
0.87332505,4.7906294
0.767032,6.3192654
0.80939806,5.748183
0.82718295,5.9083114
0.871434,4.525329
1.210083,4.375602
1.165532,6.325748
0.767767,5.713973
0.86545295,5.6015434
1.008813,6.06918
1.481166,5.4115057
2.3228319,6.5021644
12.195565,8.455307
31.555122,23.376068
38.41915,47.041462
40.105568,44.069183
42.12415,43.629585
35.550117,45.274364
27.491642,34.679665
23.211737,25.075617
20.87827,24.380432
13.082803,24.390446
6.123465,14.376142
3.177261,7.731179
2.744832,7.27477
5.1869674,7.47433
13.141315,10.96007
18.035654,22.731976
14.278103,24.363811
16.873922,15.951705
9.237671,23.678831
5.4945464,8.446989
2.534295,9.073099
1.068936,6.3874598
1.043339,4.846111
1.111197,5.8279853
1.170126,5.274912
1.372574,4.8441186
1.118631,6.6342344
0.82558495,5.587687
0.780146,5.8633885
0.771502,6.0071344
0.794398,5.101278
0.797197,4.3558464
0.77905905,7.262202
0.79793,8.3137665
0.778576,7.337992
0.744857,9.507107
0.754643,7.680827
0.749216,7.601419
0.654396,7.9220734
3.181673,6.7509813
8.275361,12.742011
8.190228,18.964846
8.220429,14.653643
6.78142,15.802491
4.66411,12.94568
2.6772048,10.181515
1.902257,7.6094456
1.150522,7.460823
0.708134,7.197282
0.87798697,7.437327
1.303577,6.3741484
2.2258089,6.6107388
1.872791,8.711803
0.90622103,7.085671
1.109662,6.5088067
0.93941903,7.5538793
0.83291,6.7793813
0.84612405,7.058693
4.386324,6.466132
12.214637,10.84656
10.152633,20.468271
6.7996264,11.417928
3.667398,10.02172
4.7847853,5.5891647
1.929042,8.693447
0.963075,4.693907
1.4599329,5.9485435
1.22832,11.676073
0.839263,9.459723
0.953553,6.688633
0.90517503,7.1883144
1.818493,5.8884377
2.309964,7.1698823
1.246105,7.854806
1.1464709,6.0224185
1.218882,6.4662
1.1247109,6.924912
0.894321,6.2940316
0.83056,6.0949636
0.901721,6.4244
0.847406,6.7397723
0.8589789,7.012774
0.865469,6.345091
0.831517,6.723165
0.82689995,6.768848
0.8998839,6.739521
0.88160497,7.0582156
0.85977995,6.7512836
0.86582005,6.262619
0.862285,6.586448
0.85712,6.2101016
0.85551894,6.0520105
0.86265904,5.770911
0.85241205,6.0498934
0.864357,5.8097186
0.860709,6.2292576
0.877881,6.2067456
0.868424,6.612952
0.888097,7.0607395
0.913597,7.3091393
0.911597,6.3123374
0.911314,6.3823633
0.918403,6.8267884
0.932575,6.8491406
0.881755,6.6826468
0.85377496,6.755693
0.868606,7.446455
0.89958704,6.738391
0.889592,6.665628
0.88677305,8.117745
0.91326106,8.383604
0.894983,8.287264
0.889978,8.6657295
0.90481496,7.898811
0.910885,7.3516707
0.912364,3.5218744
0.91440403,3.6411536
1.273675,5.554395
1.041896,6.1519637
1.276983,5.6651754
0.960055,10.398651
1.210223,8.199387
1.087667,8.633803
2.042705,7.589218
3.565195,9.222904
6.26589,10.39232
10.903489,14.437297
13.542683,19.411224
13.509485,21.71391
10.282621,18.763153
9.466973,13.968865
8.93436,16.041475
6.3685303,13.53591
8.049602,10.358762
13.790348,15.261827
19.23372,22.526089
13.162689,27.089912
7.171706,13.491953
6.1498713,8.193013
7.635775,10.74885
8.328823,13.787668
6.145862,14.420065
6.136869,10.281545
5.2165513,12.132521
6.265001,9.1447935
5.311865,11.974673
6.1383033,8.841775
4.633833,12.561902
1.7368531,8.307455
1.140077,6.0532084
1.137162,6.513628
1.07363,6.536641
0.92598295,6.6285076
0.814311,4.3966265
3.6327133,4.9187536
8.389835,11.056384
8.241558,14.720366
5.4012933,10.699779
2.678937,8.100416
2.950367,5.572549
8.585722,8.456255
12.275979,16.618721
23.382933,18.57868
23.045345,34.797367
21.722588,25.180326
24.024748,24.892979
18.825981,29.112568
15.69505,18.868898
14.5632515,18.59511
14.166473,17.89846
15.419538,17.834263
16.814217,20.18938
24.691587,21.451105
29.263704,33.569534
28.972305,35.357876
27.822754,31.652395
23.56729,30.256174
24.897017,23.546917
19.560205,30.84617
12.1284275,18.4652
13.764183,9.899486
19.027906,20.400145
19.675325,26.686317
20.404463,23.70244
21.527481,23.86021
20.335348,24.755573
25.50915,21.276585
28.032354,32.491447
21.754686,32.198048
15.701769,21.670551
14.008594,16.916935
17.025068,18.272978
24.1523,22.580406
29.18875,31.300934
34.557053,34.722206
39.463707,40.8574
31.599056,44.717464
29.49596,27.698128
27.872744,33.00843
22.911201,30.385397
24.472252,23.25611
22.895802,27.899448
23.618942,24.14534
17.898794,27.891216
12.661158,17.456463
9.697434,11.968606
9.766322,11.030853
9.849587,14.538033
7.5507493,14.790006
6.464547,11.161929
9.289827,11.186821
11.063766,16.267178
13.803139,15.816918
15.913786,16.92406
12.002271,19.400576
9.333291,12.739412
9.426005,12.333037
5.485159,13.249498
8.658958,8.282205
4.4226522,16.128136
2.956465,7.244812
2.701525,8.45979
1.113488,9.164994
1.208779,4.9858885
1.413121,7.111126
1.302397,7.3016787
0.81374294,6.7828574
0.71092606,6.1883316
0.743276,6.160037
0.802237,6.598809
0.753948,6.609225
0.74036,6.273989
0.750325,6.7103534
0.82900906,6.3560276
0.65658903,6.461919
0.692517,5.86316
0.866358,9.061051
0.806463,12.242579
0.773856,10.365741
0.902887,6.3372297
1.312105,7.149381
1.8230631,6.4877214
1.521094,7.706952
1.2273799,7.125626
1.290751,6.7034855
1.3662889,10.595451
1.175663,8.102809
0.86276,3.0990322
0.778643,1.5141646
0.767233,3.4544399
0.893114,8.890863
2.9956088,10.243953
3.9962862,11.146569
4.9752345,11.025727
5.035662,9.475194
6.35761,5.9683437
8.522883,11.087809
6.334051,13.316016
6.846216,8.238275
8.948711,9.345489
12.642316,12.277968
13.964986,16.778091
11.2557535,17.05836
12.048403,13.131679
11.811308,17.994852
13.09796,16.373455
15.34432,18.007294
16.76308,21.01728
15.043295,21.579674
14.883582,17.580528
17.22163,18.206873
19.372261,21.902435
17.024042,23.503193
15.794958,19.181244
16.371992,19.563185
17.548513,20.175999
19.099892,21.811039
22.575356,22.994051
23.915869,27.495575
20.887781,28.08363
19.950104,21.84706
21.751125,23.232632
20.1233,26.549263
19.618147,22.527037
18.874397,23.592844
17.765205,22.62749
14.913637,21.328411
13.356088,17.655523
16.098501,16.551327
18.444399,22.285776
24.46001,23.759064
29.438477,31.433052
34.053543,34.7534
21.97273,40.366512
16.364302,18.48814
13.171073,18.516764
12.595675,15.977724
10.692626,16.530956
5.7882705,14.68983
3.0404859,7.691571
1.841942,7.532782
1.454711,6.951777
1.1574409,6.242572
1.275596,5.983157
0.924528,6.3484855
1.4684,6.0504484
2.4543488,7.391426
2.21592,7.939547
1.371812,6.6148605
1.135685,6.185832
0.781848,7.11981
1.858591,6.476401
1.02847,7.992123
1.108079,5.895427
1.454062,7.248794
1.5058221,7.596745
1.7895421,6.877193
4.6281734,8.054899
3.3900201,13.536994
1.3835809,8.2972555
1.4096739,6.0949
1.507231,8.057098
1.1635569,7.849575
1.270988,7.6204233
1.09127,7.310608
0.953927,7.053372
0.876602,6.463109
0.842881,6.219937
0.84489304,7.3331165
0.817053,7.6573434
0.804031,7.1712155
0.77933997,6.665712
0.772355,6.6122046
0.668919,6.816038
0.85220397,6.576983
1.213467,6.229664
1.6718581,6.4441695
0.77985805,7.6122446
0.951418,5.4450326
1.071379,6.8284154
0.71895707,6.8211036
1.06373,6.263851
1.0872619,7.8642154
0.87808,6.6705513
0.67780405,6.936311
0.61681104,6.671999
0.542718,6.0074687
0.918453,4.909189
1.2068831,5.918499
1.9446961,6.55727
1.319737,7.6210775
0.98052,6.040857
0.728276,5.228516
0.693381,5.1024666
0.76838803,6.1718316
1.303793,4.958137
3.2768211,6.7704186
4.7091055,15.153145
6.4196987,13.28157
7.076638,15.58628
9.263974,10.3992405
12.531349,13.238452
14.816436,17.980007
19.492704,20.181507
25.436579,26.510017
29.148212,32.707756
30.007044,33.180557
29.688313,30.678682
28.83111,31.103762
30.2768,33.42866
29.8223,32.05056
29.968664,31.61392
29.662722,33.155567
23.998266,32.55946
21.784588,24.13789
26.293797,25.576147
28.503658,32.239613
26.637243,31.347803
28.169123,27.874367
30.678162,33.16508
27.018845,33.500023
25.896187,28.298168
22.513653,21.389595
19.980532,19.65074
18.810562,21.56865
15.101136,20.914265
13.9740925,15.789533
13.248879,17.151285
11.726065,15.219899
10.928201,13.220567
14.438956,13.552005
18.501125,19.116808
15.562232,23.173721
16.30316,18.2337
17.961657,22.665907
17.882227,23.717026
13.542875,21.366165
11.164223,11.596809
12.010595,12.189959
14.56529,15.103032
15.450877,17.654232
16.243126,18.440409
16.19422,19.439438
12.751776,18.947643
9.415639,14.881773
9.904175,12.4239435
15.127241,15.60302
21.041704,23.316755
22.002272,29.591686
23.202095,25.93349
24.108595,29.08865
24.34349,28.613682
18.976007,27.444359
13.161691,20.493704
8.999327,16.017647
6.0820084,12.67862
3.922425,7.065818
2.896514,5.5943537
3.986912,7.458215
4.873957,10.158994
6.703729,17.115898
11.255515,15.486172
16.29005,15.362284
16.97832,22.639223
10.7688,20.150373
4.100745,11.760336
2.543208,5.9543114
1.884548,6.3132358
1.00251,5.271388
0.786527,4.701455
0.781175,5.1091256
0.78663504,5.411545
0.78483003,5.516739
0.780335,6.618961
0.794176,7.191323
0.77973706,5.7872987
0.794065,5.612378
0.82380193,6.105321
0.821542,6.6555033
0.81377006,6.407296
0.82426405,5.579659
0.81834304,7.05692
0.809395,6.351861
0.842539,4.80376
0.838823,4.938653
0.852452,6.7809706
0.867384,7.0687447
0.860718,6.8013697
0.886257,5.4840956
0.847573,6.1845922
0.86855304,6.027285
0.86162597,6.333835
0.857126,6.165996
0.852596,6.0490294
0.85504794,6.2395744
0.88065106,6.7135963
0.85940003,6.3976803
0.76098,6.514471
0.66574305,5.6753116
1.381247,5.6059523
4.210412,6.3404727
5.8696303,10.504319
9.238825,10.654009
13.362855,14.87291
17.96448,18.205633
19.079802,23.381609
13.090893,22.74726
10.457564,13.560384
9.313119,14.31203
9.105317,13.395582
4.701763,12.91575
3.951662,11.556025
2.9734418,12.106638
2.134397,4.6872525
3.377293,5.381781
3.070922,7.6496344
1.938779,5.9461026
3.816216,6.2353687
5.188036,9.372216
6.593817,9.853722
9.281748,10.16408
5.926294,13.549745
8.28308,8.357693
9.007016,14.38462
7.739874,13.007692
4.6884694,10.968388
6.2121124,7.5680094
3.8571463,11.243216
2.01781,6.647516
1.321542,6.232329
1.339901,5.71341
1.0527209,6.548484
1.112222,6.077303
1.2074629,5.628774
0.96739393,6.9679866
1.454967,6.7196016
2.159951,6.922554
6.473978,7.4961977
11.058671,13.043135
10.717633,16.927284
20.417212,13.967834
33.828613,30.511154
41.943253,42.555565
39.000896,47.627922
32.895252,39.445568
23.239384,33.069416
22.641222,21.218061
22.959946,25.138811
23.277294,27.270338
49.351048,26.003948
80.123436,65.711876
76.25199,90.32185
72.085175,67.41508
93.8732,68.18556
99.53897,99.934105
80.32763,95.47543
58.264484,69.648346
48.736603,48.549847
44.664158,44.922585
49.48332,42.090454
47.08365,51.90331
30.415598,44.98644
18.139292,23.641466
11.522923,15.438408
10.370734,11.25439
12.785181,13.19441
21.683207,17.889156
22.738083,28.190004
23.314625,24.55905
27.94671,25.572643
30.979961,32.286335
25.28492,32.247158
24.339323,23.692844
22.204943,26.699396
20.351011,23.244091
14.677427,21.996948
7.2282805,14.343168
3.14169,7.373907
9.387417,6.5966177
9.175758,18.474955
7.017298,12.215633
12.388055,9.916628
15.313479,26.226048
25.214037,22.207739
33.797066,39.74786
29.85839,33.579006
37.827305,26.470755
32.1708,43.822487
35.010746,29.899946
28.451303,40.927654
18.801489,27.851944
17.263641,16.82618
20.646261,19.888716
22.637009,24.948545
21.936415,25.561462
19.44131,24.538874
13.316794,21.582039
16.153107,13.690089
10.546639,22.203653
6.736936,10.533574
6.394481,9.520054
5.7541285,11.152491
7.047026,9.725444
11.847486,12.129102
13.07709,19.518793
15.199406,16.366352
15.299517,19.543344
11.377243,18.22172
8.902347,11.89511
3.5979242,12.009046
1.8257891,5.765774
1.412593,6.7590456
2.11024,7.1667175
10.437925,8.0415125
5.587165,19.521713
2.408769,5.8229456
1.2960039,6.5999885
1.226997,8.474921
0.974623,6.2244782
0.840904,6.5479374
0.848585,6.316924
0.851344,5.9917793
0.885731,6.904159
0.922556,6.3908715
0.89523,6.275795
0.864479,6.910273
0.860683,6.0475864
0.849202,7.235991
0.84073997,6.740887
0.84099895,6.562748
0.84060097,6.228484
0.839001,5.960618
0.854701,5.593574
0.852736,6.1744256
0.898837,6.3167467
0.904021,7.0376706
0.835738,7.1220646
0.82757705,7.4971213
0.82526004,8.046568
0.821924,7.100731
0.831482,6.755237
0.81662595,4.4098973
0.79892504,5.1258497
0.846923,5.0103054
0.82549596,2.498925
0.810128,5.435367
0.806898,4.6437097
0.79666096,6.3643975
0.822831,7.790152
0.80143297,8.754163
0.83145195,8.322027
0.821377,5.0786743
0.79813594,4.532165
0.800032,4.963142
0.804069,6.953932
0.818005,8.068571
0.842123,7.477785
0.82694304,7.628966
0.79974204,6.320233
0.796588,6.3644667
0.806172,7.8226514
0.81398,6.4437666
0.83496004,6.879143
0.862607,6.2228427
0.877384,6.635431
0.8337569,6.633935
0.83830696,2.6107585
0.825099,1.6439563
0.849794,4.083576
0.84889007,5.020508
0.794638,8.303567
0.787888,7.3314943
0.784423,6.6296573
0.80196303,6.5633316
0.800334,4.9692907
0.838267,4.8447614
0.857524,3.6614623
0.83674395,5.5530195
0.864828,5.635069
0.83055097,6.2155533
0.82933605,5.986537
0.88092095,6.1262856
0.85634696,4.8228316
0.86696005,5.3413444
0.85259795,5.1858687
0.84735596,4.4339743
0.86408097,6.072626
0.866287,5.169852
0.904271,5.144073
0.903996,5.8302183
0.890152,5.7249517
0.906167,6.66923
0.892097,5.500356
0.88987696,5.329124
0.87360096,5.2345834
0.892889,4.347796
0.880017,5.4206247
0.88378197,4.5240364
0.869018,5.9320917
0.861209,5.8804
0.87818193,5.227619
0.894401,5.075358
0.883426,4.7727823
0.88089097,6.0249515
0.87092996,6.270641
0.91561395,6.6017747
0.913514,6.6488824
0.9045119,6.2365875
0.93261695,5.4810376
0.903419,5.849257
0.911565,6.253762
0.91728705,5.615896
0.901429,5.5799794
0.87887895,4.0562596
0.855765,4.3104215
0.847497,5.1978
0.84215,5.0782065
0.859522,4.1317463
0.88040894,3.9642036
0.905911,5.3584223
0.860172,5.84954
0.909363,6.1546707
0.90724206,5.3318987
0.89732,4.0878196
0.89777905,6.964893
0.930545,5.7317324
0.864461,4.307111
0.808047,5.3914046
0.741486,5.4894676
0.91582006,5.5512743
0.794231,6.5341024
0.964718,5.1709323
1.011733,3.19177
0.86655504,2.324099
0.88266504,5.268339
0.72879,5.6709237
0.821563,5.8434725
0.885143,7.3990088
0.90696704,7.241839
0.821214,7.0520716
0.707471,5.3670325
0.68552804,5.741297
0.855011,5.2433596
1.422903,6.6612787
1.5467039,7.8530455
1.052994,6.5864935
1.639308,6.9894633
3.318917,5.009747
2.27127,5.160087
1.9458709,4.3880115
2.637895,4.9625945
5.4686685,6.2904787
6.242732,10.41933
7.711331,8.393692
22.461231,10.068708
38.291985,34.757866
55.799732,55.881596
94.03352,66.984764
125.5392,117.6492
146.00313,136.59846
136.20354,152.84981
127.711945,129.52492
116.761955,123.23318
85.358025,106.340355
59.867626,63.62338
62.617065,47.581413
80.87159,68.33471
65.61647,89.56969
36.58608,52.92698
40.979824,21.428778
27.260979,51.058567
14.64261,17.155474
11.842634,13.084865
14.701795,19.30642
16.263811,13.048632
30.515999,15.673733
37.86303,52.54924
29.607403,44.438377
22.077341,25.383995
12.822669,21.311886
3.1734471,8.675378
3.3235462,1.4067415
18.219894,8.421609
31.245161,31.572027
22.387983,39.263206
19.013647,18.471313
27.752848,19.59932
49.877716,33.40174
55.203262,62.78068
16.755478,56.006554
11.3030205,-1.6993272
16.429766,17.281462
19.20038,21.01949
14.729782,23.342596
33.674755,15.359811
90.20716,49.755222
160.17255,122.40088
167.20316,173.47992
95.494255,159.16402
59.20795,52.957245
84.58621,44.466637
110.80499,101.03254
102.66263,117.91951
155.52225,89.46026
184.87009,166.24174
140.37685,179.77394
111.115776,103.01344
138.49554,97.59584
153.11223,142.9023
173.45457,147.62549
181.59766,171.46448
156.78539,171.2589
104.74254,132.21696
63.510773,69.71113
73.804825,43.24264
61.074047,86.56575
32.136703,51.576466
3.7177,23.69567
1.313143,-2.2894876
1.206389,7.374968
1.474438,2.4601073
1.254911,10.457498
1.072925,8.508255
0.888408,7.4101562
0.788451,4.1276093
0.938771,2.4337974
1.213353,2.3848584
1.311903,4.245066
1.2681899,5.5339117
1.051039,6.029267
0.83726305,5.121233
0.839568,4.4986773
0.80694294,5.2806816
0.809579,4.200732
0.831308,5.52099
0.80101395,6.7210374
0.86925805,5.9731636
1.0729419,5.592659
0.932332,5.417347
0.823207,7.013368
0.797598,7.0596933
0.821846,5.9572067
0.841907,6.460841
0.83715904,5.9811707
0.83180296,4.342251
0.79817,7.0404725
0.81560206,4.6047835
0.791361,2.5244372
0.768349,5.023533
0.796224,4.3401017
0.73349404,5.845739
0.97134,6.7989078
1.5079169,7.7774835
2.358697,9.005739
4.025248,8.614169
5.034757,9.718747
8.325128,9.634599
9.896238,14.948523
9.607565,14.448653
11.211914,13.602183
9.749898,17.53561
9.969147,13.597139
6.9227405,14.918683
3.577161,10.140873
3.6820652,7.1046643
7.5886064,9.488239
6.509484,14.733153
5.209614,10.434838
1.6807109,9.793295
1.60757,5.235107
1.126253,7.321662
2.8679419,5.9297457
2.608243,9.005515
1.680719,7.328524
2.069589,6.0240726
1.3344339,8.643349
0.84942394,5.590778
0.930422,6.621757
0.891465,7.1724343
0.828003,6.550121
1.059982,7.0165434
1.092948,7.304008
1.0192859,7.2630954
0.956646,6.868956
0.95057505,6.255634
0.95112807,5.9700923
0.90239394,6.5045137
0.730803,5.604776
1.1373839,6.0373507
4.42251,6.7929063
5.926981,11.427035
2.2832701,11.770597
1.462638,5.504639
1.499884,7.145962
1.6756381,6.920092
8.124834,7.4321294
8.876154,17.29746
8.417635,12.338024
20.173368,9.271978
33.00581,28.526802
45.429874,39.79349
47.313595,50.94787
47.508686,45.66152
49.04181,45.965645
68.563705,47.728672
93.424324,76.88898
95.33121,99.17047
98.54473,84.70094
101.99589,95.44691
104.335884,95.380684
101.93335,100.970406
113.6252,95.668785
139.89299,116.24127
199.02563,145.32333
171.78856,200.07687
180.1335,151.98706
167.46086,175.93701
156.76985,154.69177
157.48598,147.39684
167.85977,151.399
169.2393,165.65376
174.7678,157.8828
185.19649,170.16837
185.08054,176.73705
178.58394,176.19014
174.80118,169.19644
171.91074,166.689
167.67264,162.9157
168.74463,159.51753
164.1404,162.7767
160.27853,156.20891
164.82304,152.37341
162.57523,160.98207
165.54443,155.54106
159.00435,160.26268
161.11516,150.21112
162.24123,156.71965
167.6637,155.86356
172.58777,163.21115
200.49269,167.88403
201.00496,198.27504
201.63084,191.98433
199.32349,194.33255
197.56902,189.96162
198.74883,190.62668
200.24828,190.0611
199.4798,194.03552
180.97389,190.65039
144.058,165.35518
134.67427,116.62834
139.71829,124.45332
142.1746,133.988
132.03157,134.68182
113.731514,119.83445
105.4928,95.701996
102.07688,96.75095
85.16755,94.089806
72.74841,72.579185
65.633575,64.52976
62.61499,59.1866
54.98594,58.857494
45.203278,47.521255
39.4245,40.55587
35.018307,38.40465
24.353758,33.998234
18.418043,19.789232
9.62736,19.04872
3.295753,8.280838
1.6315401,5.0290194
1.4131399,6.0457807
1.704627,5.9207487
1.377956,6.751287
0.938195,5.9149895
1.309355,4.716745
0.73571503,5.930167
1.2301509,4.095056
1.025834,5.660405
5.28509,4.9009895
8.889882,6.269676
10.019242,9.66505
21.053787,14.097337
57.80171,30.942081
78.03114,83.12265
91.5641,85.24218
83.51915,95.78582
74.7312,78.625435
65.23631,70.296776
81.55552,59.009068
100.15721,97.45981
96.67178,108.089195
96.63529,87.212585
97.43561,94.943665
124.43857,91.53066
159.17139,138.80956
153.77151,166.12132
101.52948,142.10837
98.49925,66.807594
104.622696,94.998985
115.265144,102.73101
137.1921,116.63967
165.49648,142.73795
159.46268,165.85992
128.9507,146.4734
116.43083,106.799065
122.5721,109.647285
129.55481,121.7204
142.2329,127.61489
126.59023,144.62686
123.522,109.445724
124.46365,117.67516
127.6952,119.665215
128.92715,126.2195
122.502785,126.0875
106.66211,114.35653
96.163574,93.5009
87.67823,86.45997
71.40046,80.18735
53.99206,59.595806
49.46325,42.989994
49.77724,47.61775
53.672306,48.69192
59.213226,55.31254
69.1316,61.003998
79.507095,73.863045
96.97377,82.21279
82.99416,104.48031
82.55277,71.05149
80.25829,84.536766
77.87889,75.17059
67.099174,75.14358
70.184135,60.484673
80.60572,71.308105
68.97176,85.11551
44.900795,57.985542
35.795403,32.52894
40.362614,32.86007
33.656864,43.50004
26.913279,30.235825
27.662153,25.989084
24.428375,31.559885
21.871618,23.568367
21.62252,22.00109
24.894909,24.470648
28.628908,28.559076
35.00233,33.575813
39.175354,41.357025
34.594868,44.05147
41.949585,33.203415
42.624817,50.203835
37.05525,43.557636
35.504673,36.76511
42.95596,36.954586
37.595493,49.850418
42.31175,33.999863
47.551083,47.7819
56.334248,51.877342
63.40239,63.314438
73.16712,67.64188
86.41779,78.28326
78.86257,93.077515
81.210884,69.67017
86.107956,83.64618
87.33097,87.42138
96.62609,84.63849
103.64485,99.711525
104.647194,103.119286
119.22646,101.30487
121.386406,123.5635
117.02899,116.88336
121.54254,110.85732
129.73024,122.193634
124.20537,129.47404
103.45571,118.78877
92.631996,91.055534
84.74015,78.522896
64.2703,73.938545
56.000095,43.84409
54.328613,52.587498
52.42437,53.55189
41.96602,46.21065
37.432957,34.422512
41.605766,34.962517
52.76569,40.14533
54.319897,56.809933
56.435665,51.860462
59.955906,55.931507
66.70695,61.372883
67.751396,67.23019
66.68987,65.11383
65.98103,64.874565
69.840065,62.810818
69.074394,70.67001
66.500206,66.12706
62.75389,63.2558
68.86569,58.78259
80.749825,70.89434
86.459755,85.18367
95.9878,86.68254
100.06732,98.57657
94.593285,96.15064
88.56793,87.029045
88.609886,81.92252
92.15698,85.04281
94.954735,89.52322
89.34376,92.782166
90.28389,82.11349
94.111534,89.89058
89.080666,91.33863
87.79135,82.76458
83.161545,84.537
84.937294,76.78522
81.10666,83.475555
83.230804,75.21232
97.721504,82.60752
123.17639,103.4593
132.84148,131.69235
107.238495,131.43477
93.88089,88.751
96.965805,84.91072
96.189995,94.83399
96.15392,92.55177
103.08535,93.54346
108.17225,101.79735
108.43188,103.154305
119.67883,102.212105
133.22987,120.63854
129.32335,131.40108
111.83504,120.69064
97.15668,97.64863
92.523605,85.12514
104.45421,86.00836
125.008766,106.28308
135.69542,129.63242
115.51786,131.45009
108.114105,96.0075
85.5146,99.58128
86.14412,67.157875
95.795456,84.61842
108.39255,97.37124
120.88697,108.1742
121.53879,119.72595
96.92555,114.25297
86.70576,77.234436
87.95476,78.63
88.33524,85.10503
96.39751,83.19923
118.02586,96.12066
107.3116,122.89639
112.155365,89.687706
112.957375,111.41434
140.0287,106.03798
158.9386,145.20956
177.70506,157.07649
149.40044,173.59515
117.73112,126.297806
131.25081,95.09875
143.73085,133.66637
150.42957,140.29872
149.22005,144.92459
137.21547,141.02782
117.08478,120.61619
134.27284,98.2825
140.44606,139.38191
133.0741,134.58737
132.9366,122.40804
139.91466,125.84897
150.83997,134.13875
138.11255,147.02733
116.38549,121.74494
106.84556,99.15688
107.549904,95.0814
111.54761,101.39532
110.83273,106.82506
107.405716,103.23438
113.16028,97.98768
111.281136,108.74057
112.516624,102.87117
102.47818,107.52948
110.46155,90.821205
122.62417,108.410286
110.81437,119.73197
107.64038,96.3725
114.57209,101.319176
98.615395,110.812035
96.197495,80.24499
85.04743,90.11062
82.19527,73.26996
91.139084,78.32444
80.64524,90.263275
67.819984,68.42766
63.932903,59.101414
75.31815,59.0487
84.48179,79.52464
87.99839,84.70116
86.97738,84.65769
83.083786,81.82879
79.360855,74.33438
70.18978,73.6579
61.63532,61.29115
57.796803,56.24466
59.273125,54.440186
66.206764,58.0854
80.878105,66.99998
75.075905,85.09911
80.972595,65.02668
83.709595,81.23859
94.645325,80.17891
87.51567,96.76724
83.122765,78.0891
82.03581,77.17799
93.92533,77.18523
100.3535,93.71485
108.023926,97.6569
100.74243,105.332
122.48765,90.13218
129.45406,126.39102
124.83987,123.24068
132.40706,114.87831
153.6884,128.56712
157.86136,152.13972
146.82458,148.91484
134.59697,134.91168
117.62725,122.43505
104.03426,100.85909
92.564415,91.93296
105.81042,81.90124
100.020836,107.002266
90.70436,86.24159
75.271515,79.33743
60.97246,62.72019
43.27334,50.555466
41.221466,33.47019
41.54381,40.5312
39.808105,40.872253
39.998646,34.7095
55.930805,41.04196
76.528625,65.28781
80.70576,76.34361
64.91981,77.37358
61.39457,54.521343
72.39695,58.697144
79.80148,74.68551
87.713135,77.160286
88.03611,85.698814
84.85793,76.07254
71.263275,73.189026
63.023453,55.977997
69.94572,57.222477
98.99485,70.2509
115.945564,106.08117
113.809135,111.13073
127.56515,102.953415
122.50141,126.22055
106.102585,107.911064
99.11397,91.11032
89.19055,90.914795
82.342224,77.194435
88.28862,72.93799
99.399864,85.02989
100.35639,96.10602
92.73147,88.93608
97.0081,80.54569
99.29076,91.31701
106.70649,90.69115
106.1105,101.681526
92.16181,96.71433
66.37339,77.45461
64.185646,50.943535
60.068512,63.263626
61.086536,54.07704
59.80247,59.090603
53.502033,56.072437
41.375168,46.47824
44.34129,33.87537
47.288998,44.565147
55.969154,46.521793
62.53154,56.65163
71.45094,59.91717
69.27229,68.26868
58.856476,60.234528
56.31037,47.829445
49.31038,52.378967
38.103176,44.767807
35.024704,32.960663
32.866405,36.398262
21.944166,33.575897
17.15513,19.176064
10.616075,19.6915
11.696222,11.176201
12.4869585,20.19673
12.480447,15.101141
16.076715,14.999391
15.323524,21.378826
5.795341,15.156727
5.284812,5.1668315
3.3797421,13.871737
2.21713,7.5798807
1.727812,6.34786
1.085421,6.5778847
1.099456,5.0097456
1.272205,6.5530267
1.491243,6.5259223
1.000735,7.091025
1.050319,6.7260966
0.894856,7.1847963
1.041131,6.76021
1.355577,7.436918
0.99042904,7.432042
1.099381,5.3985686
0.965832,7.4979343
0.86754096,7.5487995
0.82579404,7.897408
0.814444,8.656447
1.48197,9.123171
2.257863,10.027123
4.897282,10.359508
8.024889,12.295957
11.469593,11.383655
16.22331,14.17012
16.697994,19.176641
17.366364,16.548033
16.212585,22.38399
14.382325,18.007755
9.61037,17.678717
6.315633,10.867248
2.940801,9.112913
2.932914,5.3880067
1.888578,5.4566073
0.961194,2.8587446
0.886212,4.1461096
0.87308306,4.766008
0.81752497,4.939016
0.806424,4.8237348
0.816625,4.9845796
0.84684503,4.3860583
0.84493494,3.9004107
0.76972204,4.133463
1.277338,11.325531
4.2023373,7.3316255
9.563077,10.395909
10.036837,17.58265
12.409142,12.689952
9.6695,18.77941
6.2405353,12.0714855
4.723799,9.047746
5.142586,9.668038
7.2576637,10.35796
7.979812,12.233877
8.232542,13.031195
7.755436,12.392943
9.330999,11.546751
8.770919,15.139969
6.1711044,13.382616
4.693784,9.047812
2.850012,8.311695
1.2995809,7.463977
1.6969551,6.5682178
1.919155,7.682452
3.310033,6.5426016
4.600786,9.528405
6.05407,10.0603485
10.70018,10.534496
18.507406,18.810038
22.757511,27.003422
20.692549,28.031727
13.425659,23.25006
5.442499,13.407617
1.636747,6.637804
2.0748918,2.9700198
1.862305,6.8778524
1.105793,6.4157047
0.923436,6.1363754
0.795054,7.3728795
1.884349,6.0400324
6.3409247,8.178324
13.366826,14.308525
15.700589,21.699123
16.754139,21.253733
16.50777,20.379507
13.8335285,20.687155
9.588007,16.6893
6.7828283,10.97228
4.4257574,9.322254
3.133289,7.5940757
3.142438,7.255045
6.3551183,8.041771
9.850756,13.096379
6.6272435,15.82089
5.173617,8.910437
2.465079,9.365544
0.84347004,5.7159743
1.2855679,5.246098
1.8615539,6.600106
12.420832,6.5500426
45.07589,24.440733
64.267914,73.343254
63.588238,75.39306
51.643635,64.08751
42.135357,44.957363
31.688745,39.950535
24.22244,28.399242
15.626518,24.902098
8.651176,16.222479
7.9723554,11.367018
8.506156,13.927443
6.7804904,14.061526
5.3818808,10.1749325
6.1895833,9.123655
8.8170395,12.840076
12.783853,14.683694
19.095764,18.768993
26.368998,26.68281
36.45503,33.70465
41.80394,46.223515
42.776264,47.455738
42.6604,45.144356
42.55774,44.708973
41.389153,43.220127
38.90654,42.010056
34.6191,38.968334
32.356075,33.43219
39.344902,33.355583
52.669178,47.268486
67.10943,63.423145
76.18454,76.64807
87.0399,80.457245
93.855804,91.83231
92.13503,95.497055
103.40859,87.530815
118.45392,109.42891
145.92462,120.962326
140.16971,155.12952
128.71309,130.47151
108.71778,117.35932
105.414894,91.46085
87.55899,99.47502
72.73354,69.26873
54.641182,64.105804
44.109783,42.79563
40.559933,38.999714
32.525963,41.581543
29.44582,27.502256
23.733746,30.859766
23.162703,21.646124
25.325851,26.172323
29.086273,29.052084
33.872177,33.36561
45.22672,38.815887
53.835697,55.19464
58.78515,59.024292
56.748898,61.645546
49.97768,52.585064
41.65853,45.67614
29.695286,36.827015
24.375217,23.129347
31.185968,24.64835
43.336723,38.96396
58.806908,53.779255
56.784817,69.84952
56.03876,52.141247
48.89421,55.319847
45.08861,41.87447
41.046448,43.265095
52.856922,40.25899
64.41873,63.141773
70.332085,71.623146
67.894196,71.77234
69.444176,63.71699
63.25563,70.8829
55.63716,57.030598
59.205326,49.89102
68.69897,64.18926
77.33629,75.18474
80.048294,81.95559
85.44037,77.11871
90.97664,86.6172
89.91801,90.148865
94.96221,84.5981
99.674614,97.32105
111.228455,98.67379
112.98144,115.77605
103.07038,107.81335
112.83481,91.38565
132.85757,117.15738
133.95583,137.49857
138.73692,127.93376
139.9637,138.10321
138.20573,134.5275
140.18678,132.51767
136.20831,136.97586
130.11241,130.37267
141.11722,121.581665
127.18995,143.20505
99.499985,111.77732
91.92414,79.5057
82.80123,87.235756
77.1719,73.67148
81.62763,72.488014
46.642082,83.91393
35.93417,23.287212
32.642303,35.216022
31.486088,31.281488
29.975557,31.686512
29.480602,31.235949
29.055468,29.628872
28.28821,30.24705
27.799181,27.438719
28.816635,29.277542
29.148602,29.477125
28.78556,29.902794
28.461891,29.141119
28.766428,28.795492
31.17005,29.556278
56.845127,33.104126
58.18039,73.72665
74.92336,54.982365
93.38177,86.887764
147.33954,100.63446
162.09323,167.27309
151.50212,162.63261
148.58278,143.73912
142.40746,145.02039
137.34631,132.16978
133.81992,131.80765
124.95219,127.24159
114.954865,111.501434
106.54784,100.11928
119.31726,96.001884
139.71457,124.062256
148.2411,142.8744
168.09343,145.02954
173.23749,169.052
177.18886,167.20024
178.36223,171.46771
175.16095,171.57883
169.97066,167.80481
158.64467,162.13237
143.9711,147.2688
134.27429,128.38858
132.15833,122.906166
147.84315,124.82131
147.34322,149.33444
131.45428,137.78874
124.4669,115.14148
121.87752,115.08956
120.715744,113.13165
124.20653,114.38275
120.98991,122.07616
111.93181,111.126526
92.89262,99.18976
95.293106,74.907974
99.402275,94.81836
103.98223,96.042274
103.60966,101.03175
103.982376,97.72891
103.22107,97.35853
100.487015,97.395065
101.182816,92.33073
106.61281,97.814255
110.209946,103.469795
110.12761,105.93635
118.61872,103.27138
121.8296,117.66829
135.08504,115.27863
147.80424,136.86292
156.95177,146.5184
165.47371,153.25871
177.45796,162.84561
158.30107,175.04117
167.14766,141.35658
154.72443,164.84377
166.04176,138.39482
172.96712,163.38751
180.95714,165.93317
194.52924,174.73384
200.26068,186.19879
199.61406,191.38956
200.7505,186.849
200.66353,193.81871
200.52826,189.94753
200.6608,192.29315
200.89026,193.04941
198.21446,190.25676
200.53569,188.6541
201.73985,191.88928
200.77235,191.73373
201.09047,190.50624
202.01067,193.8348
201.81834,192.55063
200.18579,192.52196
198.03519,191.08412
173.36697,189.51332
144.90645,153.41165
137.08102,123.17817
131.66653,127.22392
111.787735,118.38946
88.2071,93.21275
60.350975,69.98157
51.670715,42.496235
44.984768,49.164852
40.66309,39.157375
52.759212,38.199333
73.52391,63.38163
66.490715,85.24797
60.131065,56.976627
70.211655,55.34969
89.21646,77.09458
106.43749,98.39141
113.742226,111.79044
120.22104,113.122345
127.09599,118.243904
126.183075,125.030334
99.366905,122.623405
84.14745,79.21117
79.17458,74.06724
70.65212,72.48568
65.34296,62.213768
61.994183,61.29995
53.21631,58.363934
51.39195,45.40644
50.494217,49.81639
56.37717,49.977333
62.434383,60.255444
69.108406,66.01596
89.892876,71.690216
123.62128,100.94066
153.24806,135.50037
174.97925,157.36548
166.36281,177.18268
156.49002,156.71616
161.6794,149.12303
168.76456,159.8285
166.43929,165.82445
166.65764,159.6454
149.6197,160.95398
130.80814,131.20421
129.32094,113.48846
134.71721,123.39395
126.5574,130.36409
